<?xml version="1.0" encoding="utf-8" ?> 
<job  minFilesPerProcess="1" maxFilesPerProcess="10000" fileListSyntax="xrootd" simulateSubmission="false">

   <command>
            stardev
            cp /star/u/mattheww/jets/triglists/run&runnumber;.list ./
            root4star -q -b RunTriggerStudyMaker.C\(1000000000,\"run&runnumber;.list\",\"triggerstudyR&runnumber;.root\"\)
  </command>

   <output fromScratch="*.root" toURL="file:/star/institutions/mit/mwalker/trigger/2006/root/trig/" />
   <stdout URL="file:/star/institutions/mit/mwalker/trigger/2006/log/&runnumber;.$JOBID.trig.out"/>
   <stderr URL="file:/star/institutions/mit/mwalker/trigger/2006/log/&runnumber;.$JOBID.trig.err"/>

<!--
   <input URL="catalog:star.bnl.gov?production=P06ie,filetype=daq_reco_mudst,storage!=hpss,runnumber=&runnumber;" nFiles="10000" />
-->
   <SandBox>
      <Package>
         <File>file:/star/u/mattheww/jets/RunTriggerStudyMaker.C</File>
         <File>file:/star/u/mattheww/jets/.sl44_gcc346</File>
         <File>file:/star/u/mattheww/jets/log4j.xml</File>
         <File>file:/star/u/mattheww/jets/triglists/run&runnumber;.list</File>
      </Package>
   </SandBox>
 
</job>
